{
  "i18n/i18n.properties": 1699776734272,
  "manifest.json": 1699817789869,
  "test/integration/pages/IncidentsList.js": 1699776707588,
  "test/integration/opaTests.qunit.js": 1699776707588,
  "test/integration/FirstJourney.js": 1699776707592,
  "test/testsuite.qunit.js": 1699776707580,
  "xs-app.json": 1699817789865,
  "test/integration/pages/IncidentsObjectPage.js": 1699776707588,
  "Component.js": 1699776707568,
  "Component-dbg.js": 1699776707568,
  "Component.js.map": 1699817811673,
  "test/integration/opaTests.qunit-dbg.js": 1699776707588,
  "test/integration/opaTests.qunit.js.map": 1699817811680,
  "test/integration/FirstJourney-dbg.js": 1699776707592,
  "test/integration/FirstJourney.js.map": 1699817811681,
  "test/testsuite.qunit-dbg.js": 1699776707580,
  "test/testsuite.qunit.js.map": 1699817811673,
  "test/integration/pages/IncidentsObjectPage-dbg.js": 1699776707588,
  "test/integration/pages/IncidentsObjectPage.js.map": 1699817811680,
  "test/integration/pages/IncidentsList-dbg.js": 1699776707588,
  "test/integration/pages/IncidentsList.js.map": 1699817811680,
  "Component-preload.js": 1699817811909,
  "Component-preload.js.map": 1699817811909,
  "test/integration/opaTests.qunit.html": 1699776707588,
  "test/testsuite.qunit.html": 1699776707572,
  "test/flpSandbox.html": 1699776707572,
  "localService/metadata.xml": 1699776707572,
  "index.html": 1699776707568
}